{"cameraMode":{"drawMode":0,"name":"Shaded","section":"Shading Mode"},"sceneLighting":true,"audioPlay":false,"sceneViewState":{"showFog":true,"showMaterialUpdate":true,"showSkybox":true,"showFlares":true,"showImageEffects":true,"showParticleSystems":true},"in2DMode":false,"pivot":{"x":-2.7273452281951906,"y":0.2408396601676941,"z":-5.366634368896484},"rotation":{"x":0.32584863901138308,"y":-0.6556259989738464,"z":0.3761269748210907,"w":0.568110466003418},"size":58.5037841796875,"orthographic":false}